[
  {
    "created": "2024-02-08 09:52:14",
    "username": "batman",
    "email": "user@example.com",
    "phone": "5556597890",
    "token": "2212280e",
    "expires": "2024-02-11 09:52:14",
    "confirmed": "tbd"
  },
  {
    "created": "2024-06-24 12:41:58",
    "username": "Cody",
    "email": "user@example.com",
    "phone": "5556597890",
    "token": "30311541751",
    "expires": "2024-06-27 12:41:58",
    "confirmed": "tbd"
  },
  {
    "created": "2024-06-24 12:42:46",
    "username": "Belle",
    "email": "user@example.com",
    "phone": "5556597890",
    "token": "13555074075",
    "expires": "2024-06-27 12:42:46",
    "confirmed": "tbd"
  },
  {
    "created": "2024-06-24 12:56:26",
    "username": "Reagan",
    "email": "user@example.com",
    "phone": "5556597890",
    "token": "27156125430",
    "expires": "2024-06-27 12:56:26",
    "confirmed": "tbd"
  },
  {
    "created": "2024-06-24 12:56:48",
    "username": "Kyle",
    "email": "kyle@example.com",
    "phone": "5556597890",
    "token": "6b0d7795",
    "expires": "2024-06-27 12:56:48",
    "confirmed": "tbd"
  },
  {
    "created": "2024-06-27 10:47:50",
    "username": "main",
    "email": "user@example.com",
    "phone": "5556597890",
    "token": "2d06c1b6",
    "expires": "2024-06-30 10:47:50",
    "confirmed": "tbd"
  },
  {
    "created": "2024-06-27 10:55:37",
    "username": "main",
    "email": "user@example.com",
    "phone": "5556597890",
    "token": "c6c09dd8",
    "expires": "2024-06-30 10:55:37",
    "confirmed": "tbd"
  },
  {
    "created": "2024-06-27 10:57:37",
    "username": "Bob",
    "email": "user@example.com",
    "phone": "5556597890",
    "token": "6fab41f0",
    "expires": "2024-06-30 10:57:37",
    "confirmed": "tbd"
  },
  {
    "created": "2024-06-27 11:06:57",
    "username": "Jerry",
    "email": "user@example.com",
    "phone": "5556597890",
    "token": "db67c53c",
    "expires": "2024-06-30 11:06:57",
    "confirmed": "tbd"
  },
  {
    "created": "2024-06-27 20:16:01",
    "username": "bob",
    "email": "user@example.com",
    "phone": "5556597890",
    "token": "b5de15a2",
    "expires": "2024-06-30 20:16:01",
    "confirmed": "tbd"
  },
  {
    "created": "2024-06-27 20:18:35",
    "username": "sam",
    "email": "user@example.com",
    "phone": "5556597890",
    "token": "450c57d0",
    "expires": "2024-06-30 20:18:35",
    "confirmed": "tbd"
  },
  {
    "created": "2024-06-27 20:35:53",
    "username": "harry",
    "email": "user@example.com",
    "phone": "5556597890",
    "token": "cc6439ec",
    "expires": "2024-06-30 20:35:53",
    "confirmed": "tbd"
  }
]
